{
  "Majority-vote": {
    "accuracy": {
      "PCP1": 89,
      "PCP2": 90,
      "PCP3": 89,
      "PCP4": 92,
      "PCP5": 89,
      "PCP6": 86,
      "PCP7": 92,
      "PCP8": 93,
      "PCP9": 88,
      "avg.": 89.77777777777777
    }
  },
  "Task 1": {
    "accuracy": {
      "PCP1": 85,
      "PCP2": 44,
      "PCP3": 60,
      "PCP4": 80,
      "PCP5": 62,
      "PCP6": 66,
      "PCP7": 65,
      "PCP8": 60,
      "PCP9": 38,
      "avg.": 62.22222222222222
    },
    "confidence": {
      "PCP1": {
        "overall": 3.38,
        "correct": 3.4823529411764707,
        "wrong": 2.8
      },
      "PCP2": {
        "overall": 2.92,
        "correct": 3.4545454545454546,
        "wrong": 2.5
      },
      "PCP3": {
        "overall": 2.43,
        "correct": 2.9166666666666665,
        "wrong": 1.7
      },
      "PCP4": {
        "overall": 2.51,
        "correct": 2.6,
        "wrong": 2.15
      },
      "PCP5": {
        "overall": 2.7,
        "correct": 2.967741935483871,
        "wrong": 2.263157894736842
      },
      "PCP6": {
        "overall": 4.05,
        "correct": 4.318181818181818,
        "wrong": 3.5294117647058822
      },
      "PCP7": {
        "overall": 3.84,
        "correct": 3.9384615384615387,
        "wrong": 3.657142857142857
      },
      "PCP8": {
        "overall": 3.14,
        "correct": 3.4,
        "wrong": 2.75
      },
      "PCP9": {
        "overall": 3.04,
        "correct": 3.026315789473684,
        "wrong": 3.0483870967741935
      },
      "avg.": {
        "overall": 28.01,
        "correct": 49.3421052631579,
        "wrong": 2.723529411764706
      }
    }
  },
  "Task 2": {
    "accuracy": {
      "PCP1": 92,
      "PCP2": 84,
      "PCP3": 74,
      "PCP4": 96,
      "PCP5": 88,
      "PCP6": 83,
      "PCP7": 79,
      "PCP8": 89,
      "PCP9": 79,
      "avg.": 84.88888888888889
    },
    "confidence": {
      "PCP1": {
        "overall": 4.09,
        "correct": 4.173913043478261,
        "wrong": 3.125
      },
      "PCP2": {
        "overall": 4.0,
        "correct": 4.119047619047619,
        "wrong": 3.375
      },
      "PCP3": {
        "overall": 2.85,
        "correct": 3.310810810810811,
        "wrong": 1.5384615384615385
      },
      "PCP4": {
        "overall": 3.45,
        "correct": 3.5104166666666665,
        "wrong": 2.0
      },
      "PCP5": {
        "overall": 4.41,
        "correct": 4.556818181818182,
        "wrong": 3.3333333333333335
      },
      "PCP6": {
        "overall": 4.46,
        "correct": 4.626506024096385,
        "wrong": 3.6470588235294117
      },
      "PCP7": {
        "overall": 4.06,
        "correct": 4.189873417721519,
        "wrong": 3.5714285714285716
      },
      "PCP8": {
        "overall": 4.0,
        "correct": 4.123595505617978,
        "wrong": 3.0
      },
      "PCP9": {
        "overall": 3.38,
        "correct": 3.5569620253164556,
        "wrong": 2.7142857142857144
      },
      "avg.": {
        "overall": 3.8555555555555556,
        "correct": 4.026178010471204,
        "wrong": 2.8970588235294117
      }
    }
  }
}