{
  "3-channel": {
    "k=1": [
      0.8445021752252432,
      [
        0.59375,
        0.8076923076923077,
        0.8181818181818182,
        1.0,
        0.8125,
        0.9508196721311475,
        0.9285714285714286
      ]
    ],
    "k=3": [
      0.8132126119391926,
      [
        0.5729166666666666,
        0.8205128205128205,
        0.7818181818181819,
        0.9696969696969696,
        0.7172619047619049,
        0.949329359165424,
        0.8809523809523808
      ]
    ],
    "k=6": [
      0.807967800641981,
      [
        0.5572916666666666,
        0.8269230769230771,
        0.7545454545454545,
        0.9848484848484849,
        0.6904761904761906,
        0.9488325881768508,
        0.8928571428571429
      ]
    ],
    "k=9": [
      0.8067442153214988,
      [
        0.5694444444444444,
        0.8333333333333331,
        0.7515151515151517,
        0.9595959595959596,
        0.6894841269841271,
        0.9470110945520785,
        0.8968253968253969
      ]
    ]
  },
  "SE-CBIR": {
    "k=1": [
      0.7714909212567292,
      [
        0.6875,
        0.75,
        0.8,
        0.5454545454545454,
        0.6696428571428571,
        0.9478390461997019,
        1.0
      ]
    ],
    "k=3": [
      0.6899434923000497,
      [
        0.59375,
        0.6666666666666666,
        0.6333333333333332,
        0.6363636363636364,
        0.5416666666666666,
        0.9244908097367116,
        0.8333333333333331
      ]
    ],
    "k=6": [
      0.6452863807737929,
      [
        0.5156250000000001,
        0.6570512820512818,
        0.5742424242424244,
        0.5757575757575758,
        0.4866071428571431,
        0.9220069547938394,
        0.7857142857142857
      ]
    ],
    "k=9": [
      0.6289381887303435,
      [
        0.4618055555555555,
        0.6495726495726496,
        0.5505050505050502,
        0.5959595959595959,
        0.4692460317460317,
        0.9215101838052675,
        0.7539682539682541
      ]
    ]
  }
}